combinaison,paire,trades,win_rate,R_total,R_moyen,pnl_net
A-risk10%,FIL_USDT_USDT,6,0.5,11.048021919879236,1.8413369866465394,34.7127528228346
A-risk10%,WLD_USDT_USDT,7,0.42857142857142855,9.038361967212708,1.2911945667446727,69.22876830434897
A-risk10%,INJ_USDT_USDT,5,0.6,5.706295702706766,1.141259140541353,5.850498768302031
A-risk10%,BCH_USDT_USDT,7,0.2857142857142857,4.094416189638901,0.584916598519843,15.774089357444591
A-risk10%,ENS_USDT_USDT,15,0.2,3.532439944247203,0.23549599628314688,18.77613264105565
A-risk10%,SOL_USDT_USDT,12,0.3333333333333333,3.376051527674156,0.28133762730617967,-4.6703777093395615
A-risk10%,SUI_USDT_USDT,21,0.3333333333333333,1.8779206337864691,0.08942479208506995,9.62927062083984
A-risk10%,ZEN_USDT_USDT,1,1.0,1.8681960583529875,1.8681960583529875,0.567511969027802
A-risk10%,YFI_USDT_USDT,6,0.5,1.1257573189644567,0.18762621982740946,15.797419180266537
A-risk10%,AR_USDT_USDT,11,0.45454545454545453,0.8767400776347021,0.07970364342133655,-14.66858406507395
A-risk10%,OKB_USDT_USDT,2,0.5,0.20106360678732482,0.10053180339366241,-0.038747142206037005
A-risk10%,HYPE_USDT_USDT,5,0.2,-0.043371022949051014,-0.008674204589810202,-10.802844782901051
A-risk10%,LINK_USDT_USDT,10,0.3,-0.22562938155869872,-0.02256293815586987,-11.717716406281498
A-risk10%,BTC_USDT_USDT,6,0.3333333333333333,-0.25378142459393693,-0.042296904098989486,-22.6291221853552
A-risk10%,STRK_USDT_USDT,3,0.3333333333333333,-0.32277790676137075,-0.10759263558712358,2.1976902188271232
A-risk10%,TRUMP_USDT_USDT,6,0.16666666666666666,-0.9221484078862083,-0.15369140131436806,-10.865737718495408
A-risk10%,LIT_USDT_USDT,5,0.2,-0.957728332992839,-0.1915456665985678,-0.5643662533712908
A-risk10%,AVAX_USDT_USDT,9,0.3333333333333333,-1.0247979633755575,-0.11386644037506194,-6.35384800910782
A-risk10%,VVV_USDT_USDT,1,0.0,-1.0540043794452896,-1.0540043794452896,-0.21264994783277133
A-risk10%,DASH_USDT_USDT,5,0.2,-1.4423971371886501,-0.28847942743773003,-0.7625735986420192
A-risk10%,AAVE_USDT_USDT,15,0.2,-2.9122545068524657,-0.19415030045683104,-25.17541213139272
A-risk10%,ICP_USDT_USDT,8,0.125,-3.4682649118467044,-0.43353311398083805,-35.64741494581535
A-risk10%,UNI_USDT_USDT,11,0.18181818181818182,-4.00182377828534,-0.36380216166230367,-54.38157379774393
A-risk10%,ZEC_USDT_USDT,5,0.0,-4.224846289759428,-0.8449692579518857,-1.690067518712031
A-risk10%,TAO_USDT_USDT,6,0.16666666666666666,-5.105431992175567,-0.8509053320292611,-5.065091239558569
A-risk10%,ETH_USDT_USDT,9,0.1111111111111111,-5.728390690818891,-0.6364878545354323,-7.83454807885598
A-risk10%,ORDI_USDT_USDT,12,0.08333333333333333,-6.059830093594346,-0.5049858411328622,-54.06364966333221
A-risk10%,GIGGLE_USDT_USDT,7,0.0,-7.2502615687541,-1.035751652679157,-2.6936783275145877
A-risk2%,FIL_USDT_USDT,6,0.5,11.048021919879236,1.8413369866465394,19.093320461436058
A-risk2%,WLD_USDT_USDT,7,0.42857142857142855,9.038361967212708,1.2911945667446727,20.82989807271133
A-risk2%,INJ_USDT_USDT,5,0.6,5.7062957027067664,1.1412591405413532,9.929765505303727
A-risk2%,BCH_USDT_USDT,7,0.2857142857142857,4.094416189638901,0.584916598519843,8.599405445553085
A-risk2%,ENS_USDT_USDT,15,0.2,3.5324399442472028,0.23549599628314685,6.219257870606153
A-risk2%,SOL_USDT_USDT,12,0.3333333333333333,3.3760515276741563,0.28133762730617967,3.6588784993368497
A-risk2%,SUI_USDT_USDT,21,0.3333333333333333,1.877920633786471,0.08942479208507004,0.5188099609979513
A-risk2%,ZEN_USDT_USDT,1,1.0,1.8681960583529875,1.8681960583529875,3.101075759233089
A-risk2%,YFI_USDT_USDT,6,0.5,1.1257573189644574,0.18762621982740957,4.4726313502214765
A-risk2%,AR_USDT_USDT,11,0.45454545454545453,0.8767400776347021,0.07970364342133655,-1.140933264366094
A-risk2%,OKB_USDT_USDT,2,0.5,0.20106360678732438,0.10053180339366219,0.20419452859783216
A-risk2%,HYPE_USDT_USDT,5,0.2,-0.043371022949050125,-0.008674204589810025,-1.6489861065698055
A-risk2%,LINK_USDT_USDT,10,0.3,-0.22562938155869872,-0.02256293815586987,-0.05805902518822337
A-risk2%,BTC_USDT_USDT,6,0.3333333333333333,-0.2537814245939365,-0.04229690409898942,-1.2808976436215262
A-risk2%,STRK_USDT_USDT,3,0.3333333333333333,-0.3227779067613705,-0.10759263558712351,-0.7840444880582491
A-risk2%,TRUMP_USDT_USDT,6,0.16666666666666666,-0.9221484078862092,-0.1536914013143682,-2.6479099735078955
A-risk2%,LIT_USDT_USDT,5,0.2,-0.9577283329928394,-0.1915456665985679,-1.9090506490533363
A-risk2%,AVAX_USDT_USDT,9,0.3333333333333333,-1.0247979633755577,-0.11386644037506197,-3.166281390075668
A-risk2%,VVV_USDT_USDT,1,0.0,-1.0540043794452894,-1.0540043794452894,-1.590812754238157
A-risk2%,DASH_USDT_USDT,5,0.2,-1.4423971371886497,-0.2884794274377299,-2.7260207135017946
A-risk2%,AAVE_USDT_USDT,15,0.2,-2.9122545068524657,-0.19415030045683104,-6.2377854254281395
A-risk2%,ICP_USDT_USDT,8,0.125,-3.4682649118467053,-0.43353311398083816,-7.78359281549696
A-risk2%,UNI_USDT_USDT,11,0.18181818181818182,-4.00182377828534,-0.36380216166230367,-10.577738298723556
A-risk2%,ZEC_USDT_USDT,5,0.0,-4.224846289759428,-0.8449692579518857,-6.985647574691131
A-risk2%,TAO_USDT_USDT,6,0.16666666666666666,-5.105431992175567,-0.8509053320292611,-9.33046866540312
A-risk2%,ETH_USDT_USDT,9,0.1111111111111111,-5.728390690818891,-0.6364878545354323,-10.582301125561054
A-risk2%,ORDI_USDT_USDT,12,0.08333333333333333,-6.0598300935943445,-0.504985841132862,-14.020238806625947
A-risk2%,GIGGLE_USDT_USDT,7,0.0,-7.250261568754101,-1.0357516526791573,-11.694559477653529
A-risk5%,FIL_USDT_USDT,6,0.5,11.048021919879236,1.8413369866465394,35.67515062598099
A-risk5%,WLD_USDT_USDT,7,0.42857142857142855,9.038361967212708,1.2911945667446727,53.74887041218602
A-risk5%,INJ_USDT_USDT,5,0.6,5.7062957027067664,1.1412591405413532,14.174690443328632
A-risk5%,BCH_USDT_USDT,7,0.2857142857142857,4.094416189638902,0.5849165985198431,18.643299174385692
A-risk5%,ENS_USDT_USDT,15,0.2,3.5324399442472,0.23549599628314669,12.605994346108902
A-risk5%,SOL_USDT_USDT,12,0.3333333333333333,3.376051527674157,0.2813376273061798,0.536280098890014
A-risk5%,SUI_USDT_USDT,21,0.3333333333333333,1.8779206337864691,0.08942479208506995,-1.979633069935371
A-risk5%,ZEN_USDT_USDT,1,1.0,1.8681960583529877,1.8681960583529877,3.5624488186427805
A-risk5%,YFI_USDT_USDT,6,0.5,1.1257573189644576,0.1876262198274096,14.390878938136572
A-risk5%,AR_USDT_USDT,11,0.45454545454545453,0.876740077634703,0.07970364342133664,-9.874627135943511
A-risk5%,OKB_USDT_USDT,2,0.5,0.20106360678732438,0.10053180339366219,0.03913994844081681
A-risk5%,HYPE_USDT_USDT,5,0.2,-0.04337102294905101,-0.008674204589810202,-7.866245601559595
A-risk5%,LINK_USDT_USDT,10,0.3,-0.2256293815586996,-0.02256293815586996,-2.413148252809027
A-risk5%,BTC_USDT_USDT,6,0.3333333333333333,-0.25378142459393693,-0.042296904098989486,-7.368389288987375
A-risk5%,STRK_USDT_USDT,3,0.3333333333333333,-0.32277790676137075,-0.10759263558712358,-1.2645313828509357
A-risk5%,TRUMP_USDT_USDT,6,0.16666666666666666,-0.9221484078862086,-0.1536914013143681,-8.134744170017122
A-risk5%,LIT_USDT_USDT,5,0.2,-0.9577283329928385,-0.1915456665985677,-2.685588570985872
A-risk5%,AVAX_USDT_USDT,9,0.3333333333333333,-1.0247979633755575,-0.11386644037506194,-7.7792757291370025
A-risk5%,VVV_USDT_USDT,1,0.0,-1.0540043794452894,-1.0540043794452894,-1.6069356760119866
A-risk5%,DASH_USDT_USDT,5,0.2,-1.4423971371886497,-0.2884794274377299,-3.700556927664831
A-risk5%,AAVE_USDT_USDT,15,0.2,-2.912254506852465,-0.194150300456831,-16.11359700225997
A-risk5%,ICP_USDT_USDT,8,0.125,-3.4682649118467044,-0.43353311398083805,-21.389150664233526
A-risk5%,UNI_USDT_USDT,11,0.18181818181818182,-4.00182377828534,-0.36380216166230367,-32.99099676808329
A-risk5%,ZEC_USDT_USDT,5,0.0,-4.224846289759427,-0.8449692579518855,-8.455277120140277
A-risk5%,TAO_USDT_USDT,6,0.16666666666666666,-5.105431992175568,-0.8509053320292613,-14.014986318418366
A-risk5%,ETH_USDT_USDT,9,0.1111111111111111,-5.728390690818891,-0.6364878545354323,-17.060768332153373
A-risk5%,ORDI_USDT_USDT,12,0.08333333333333333,-6.059830093594345,-0.5049858411328622,-38.08049713369658
A-risk5%,GIGGLE_USDT_USDT,7,0.0,-7.250261568754101,-1.0357516526791573,-13.715483171007378
B-risk10%,SOL_USDT_USDT,6,0.5,3.9965218100854294,0.6660869683475715,19.2902153398373
B-risk10%,FIL_USDT_USDT,4,0.5,2.289901860257297,0.5724754650643242,7.7340501143143525
B-risk10%,BCH_USDT_USDT,3,0.3333333333333333,1.9477888854361556,0.6492629618120519,6.634050159492022
B-risk10%,ZEN_USDT_USDT,1,1.0,1.8420506678239363,1.8420506678239363,0.6981722225863929
B-risk10%,LIT_USDT_USDT,2,0.5,1.7579679623446243,0.8789839811723121,0.7175536610781568
B-risk10%,LINK_USDT_USDT,4,0.5,0.9329849373960317,0.23324623434900793,3.060744400317292
B-risk10%,AVAX_USDT_USDT,2,0.5,0.8189424240942944,0.4094712120471472,7.934294406296559
B-risk10%,OKB_USDT_USDT,1,1.0,0.6835654079748228,0.6835654079748228,0.2687117819181501
B-risk10%,TRUMP_USDT_USDT,3,0.3333333333333333,0.08656504831690359,0.02885501610563453,-3.7803024868694557
B-risk10%,UNI_USDT_USDT,4,0.25,-0.2633450894314976,-0.0658362723578744,-2.5757490471728843
B-risk10%,INJ_USDT_USDT,3,0.3333333333333333,-0.3604390113079634,-0.12014633710265447,-5.55797003242388
B-risk10%,WLD_USDT_USDT,5,0.2,-0.6574500395825574,-0.1314900079165115,-6.304688347459009
B-risk10%,YFI_USDT_USDT,2,0.5,-0.7797805590807043,-0.38989027954035216,-2.5271129627632143
B-risk10%,DASH_USDT_USDT,2,0.0,-1.0538142628760685,-0.5269071314380342,-0.7022426710384189
B-risk10%,ICP_USDT_USDT,2,0.0,-1.1100086314960078,-0.5550043157480039,-8.52860958772425
B-risk10%,ETH_USDT_USDT,5,0.2,-1.2399290766454831,-0.24798581532909664,-7.720002244563275
B-risk10%,TAO_USDT_USDT,2,0.0,-2.0737958027836005,-1.0368979013918003,-2.0574201291274354
B-risk10%,HYPE_USDT_USDT,2,0.0,-2.077588859562967,-1.0387944297814835,-5.662639130114164
B-risk10%,BTC_USDT_USDT,2,0.0,-2.1564995159725715,-1.0782497579862858,-19.203375161240306
B-risk10%,AAVE_USDT_USDT,10,0.2,-2.4483529208567028,-0.2448352920856703,-17.65940230967612
B-risk10%,GIGGLE_USDT_USDT,3,0.0,-3.1097780296120217,-1.0365926765373406,-2.1611132881286945
B-risk10%,ORDI_USDT_USDT,3,0.0,-3.133813489192002,-1.044604496397334,-14.406443581248668
B-risk10%,ZEC_USDT_USDT,3,0.0,-3.1428070062045057,-1.0476023354015018,-1.9688192042406665
B-risk10%,AR_USDT_USDT,4,0.0,-3.148557149697802,-0.7871392874244505,-10.637480530433557
B-risk10%,ENS_USDT_USDT,6,0.0,-4.288302889854068,-0.7147171483090112,-8.58988346241452
B-risk10%,SUI_USDT_USDT,9,0.1111111111111111,-5.647277803966242,-0.6274753115518047,-22.103122903944495
B-risk2%,SOL_USDT_USDT,6,0.5,3.9965218100854294,0.6660869683475715,6.9887272660652116
B-risk2%,FIL_USDT_USDT,4,0.5,2.289901860257297,0.5724754650643242,3.820721986357116
B-risk2%,BCH_USDT_USDT,3,0.3333333333333333,1.9477888854361547,0.6492629618120516,3.2861661958584425
B-risk2%,ZEN_USDT_USDT,1,1.0,1.8420506678239366,1.8420506678239366,2.1984534248432084
B-risk2%,LIT_USDT_USDT,2,0.5,1.7579679623446238,0.8789839811723119,2.0900255572944673
B-risk2%,LINK_USDT_USDT,4,0.5,0.9329849373960322,0.23324623434900804,1.6672477974271278
B-risk2%,AVAX_USDT_USDT,2,0.5,0.8189424240942949,0.4094712120471474,1.7363629585223959
B-risk2%,OKB_USDT_USDT,1,1.0,0.6835654079748227,0.6835654079748227,0.8217107864611081
B-risk2%,TRUMP_USDT_USDT,3,0.3333333333333333,0.08656504831690315,0.028855016105634384,-0.24414205357114827
B-risk2%,UNI_USDT_USDT,4,0.25,-0.26334508943149804,-0.06583627235787451,-0.5718567029866038
B-risk2%,INJ_USDT_USDT,3,0.3333333333333333,-0.36043901130796296,-0.12014633710265432,-1.0198255826733853
B-risk2%,WLD_USDT_USDT,5,0.2,-0.6574500395825565,-0.1314900079165113,-1.3362619241680185
B-risk2%,YFI_USDT_USDT,2,0.5,-0.7797805590807043,-0.38989027954035216,-1.44844957971325
B-risk2%,DASH_USDT_USDT,2,0.0,-1.0538142628760687,-0.5269071314380344,-1.3913217738848602
B-risk2%,ICP_USDT_USDT,2,0.0,-1.1100086314960078,-0.5550043157480039,-2.2724311330789275
B-risk2%,ETH_USDT_USDT,5,0.2,-1.2399290766454836,-0.24798581532909672,-2.0712638550770643
B-risk2%,TAO_USDT_USDT,2,0.0,-2.073795802783601,-1.0368979013918005,-2.9419574647485085
B-risk2%,HYPE_USDT_USDT,2,0.0,-2.077588859562967,-1.0387944297814835,-3.25979233303006
B-risk2%,BTC_USDT_USDT,2,0.0,-2.1564995159725715,-1.0782497579862858,-4.382273405225457
B-risk2%,AAVE_USDT_USDT,10,0.2,-2.448352920856703,-0.24483529208567031,-4.362633551450782
B-risk2%,GIGGLE_USDT_USDT,3,0.0,-3.1097780296120217,-1.0365926765373406,-4.095264116158556
B-risk2%,ORDI_USDT_USDT,3,0.0,-3.1338134891920024,-1.0446044963973342,-5.474154705959401
B-risk2%,ZEC_USDT_USDT,3,0.0,-3.1428070062045057,-1.0476023354015018,-4.094946007104267
B-risk2%,AR_USDT_USDT,4,0.0,-3.148557149697802,-0.7871392874244505,-5.2667613380777265
B-risk2%,ENS_USDT_USDT,6,0.0,-4.288302889854068,-0.7147171483090112,-6.889058356511914
B-risk2%,SUI_USDT_USDT,9,0.1111111111111111,-5.647277803966243,-0.6274753115518048,-9.93464926655944
B-risk5%,SOL_USDT_USDT,6,0.5,3.9965218100854294,0.6660869683475715,14.139232618599639
B-risk5%,FIL_USDT_USDT,4,0.5,2.289901860257297,0.5724754650643242,7.0689473184962015
B-risk5%,BCH_USDT_USDT,3,0.3333333333333333,1.9477888854361556,0.6492629618120519,6.108405086747048
B-risk5%,ZEN_USDT_USDT,1,1.0,1.8420506678239368,1.8420506678239368,2.2245029464652526
B-risk5%,LIT_USDT_USDT,2,0.5,1.757967962344624,0.878983981172312,2.140116579709874
B-risk5%,LINK_USDT_USDT,4,0.5,0.9329849373960317,0.23324623434900793,3.192806976765498
B-risk5%,AVAX_USDT_USDT,2,0.5,0.8189424240942951,0.40947121204714754,4.501741891887243
B-risk5%,OKB_USDT_USDT,1,1.0,0.6835654079748227,0.6835654079748227,0.8405470833501612
B-risk5%,TRUMP_USDT_USDT,3,0.3333333333333333,0.08656504831690359,0.02885501610563453,-1.6295489111801418
B-risk5%,UNI_USDT_USDT,4,0.25,-0.2633450894314984,-0.0658362723578746,-1.4772457136805814
B-risk5%,INJ_USDT_USDT,3,0.3333333333333333,-0.36043901130796274,-0.12014633710265425,-3.0585535708524256
B-risk5%,WLD_USDT_USDT,5,0.2,-0.6574500395825565,-0.1314900079165113,-3.384453609191709
B-risk5%,YFI_USDT_USDT,2,0.5,-0.7797805590807043,-0.38989027954035216,-2.8699551264736396
B-risk5%,DASH_USDT_USDT,2,0.0,-1.053814262876069,-0.5269071314380345,-1.6566336492083893
B-risk5%,ICP_USDT_USDT,2,0.0,-1.1100086314960078,-0.5550043157480039,-5.46908882655573
B-risk5%,ETH_USDT_USDT,5,0.2,-1.2399290766454838,-0.24798581532909675,-4.158778190054763
B-risk5%,TAO_USDT_USDT,2,0.0,-2.0737958027836005,-1.0368979013918003,-3.929614361625093
B-risk5%,HYPE_USDT_USDT,2,0.0,-2.077588859562967,-1.0387944297814835,-5.580157934469405
B-risk5%,BTC_USDT_USDT,2,0.0,-2.1564995159725715,-1.0782497579862858,-10.78511930871582
B-risk5%,AAVE_USDT_USDT,10,0.2,-2.448352920856702,-0.24483529208567018,-9.620728711215461
B-risk5%,GIGGLE_USDT_USDT,3,0.0,-3.1097780296120225,-1.0365926765373408,-4.902808217870845
B-risk5%,ORDI_USDT_USDT,3,0.0,-3.133813489192002,-1.044604496397334,-10.88141468231994
B-risk5%,ZEC_USDT_USDT,3,0.0,-3.1428070062045057,-1.0476023354015018,-4.781612179825373
B-risk5%,AR_USDT_USDT,4,0.0,-3.148557149697802,-0.7871392874244505,-9.671760709265014
B-risk5%,ENS_USDT_USDT,6,0.0,-4.288302889854068,-0.7147171483090112,-11.247237958793317
B-risk5%,SUI_USDT_USDT,9,0.1111111111111111,-5.647277803966243,-0.6274753115518048,-19.29987139614804
