,0
2023-01-01,
2023-02-01,"ETH/USDT:USDT,BTC/USDT:USDT,APT/USDT:USDT,SOL/USDT:USDT,DOGE/USDT:USDT,LTC/USDT:USDT,GALA/USDT:USDT,ETC/USDT:USDT,OP/USDT:USDT,FIL/USDT:USDT,MASK/USDT:USDT,SHIB/USDT:USDT,DYDX/USDT:USDT,XRP/USDT:USDT,AXS/USDT:USDT,MANA/USDT:USDT,APE/USDT:USDT,AVAX/USDT:USDT,LUNA/USDT:USDT,DOT/USDT:USDT,SAND/USDT:USDT,CRV/USDT:USDT,PEOPLE/USDT:USDT,NEAR/USDT:USDT,ADA/USDT:USDT,LINK/USDT:USDT,GMT/USDT:USDT,CHZ/USDT:USDT,ATOM/USDT:USDT,BCH/USDT:USDT"
2023-03-01,"ETH/USDT:USDT,BTC/USDT:USDT,APT/USDT:USDT,CFX/USDT:USDT,OP/USDT:USDT,DOGE/USDT:USDT,LTC/USDT:USDT,FIL/USDT:USDT,DYDX/USDT:USDT,SHIB/USDT:USDT,SOL/USDT:USDT,MASK/USDT:USDT,ETC/USDT:USDT,CORE/USDT:USDT,GRT/USDT:USDT,LDO/USDT:USDT,XRP/USDT:USDT,GALA/USDT:USDT,LINK/USDT:USDT,DOT/USDT:USDT,SAND/USDT:USDT,AVAX/USDT:USDT,PEOPLE/USDT:USDT,CRV/USDT:USDT,MINA/USDT:USDT,NEAR/USDT:USDT,ADA/USDT:USDT,AXS/USDT:USDT,ATOM/USDT:USDT,BCH/USDT:USDT"
2023-04-01,"ETH/USDT:USDT,BTC/USDT:USDT,CFX/USDT:USDT,LTC/USDT:USDT,APT/USDT:USDT,MASK/USDT:USDT,XRP/USDT:USDT,FIL/USDT:USDT,OP/USDT:USDT,BLUR/USDT:USDT,DOGE/USDT:USDT,SOL/USDT:USDT,STX/USDT:USDT,ETC/USDT:USDT,DYDX/USDT:USDT,SHIB/USDT:USDT,LDO/USDT:USDT,GALA/USDT:USDT,IMX/USDT:USDT,CORE/USDT:USDT,DOT/USDT:USDT,ADA/USDT:USDT,LINK/USDT:USDT,MAGIC/USDT:USDT,ATOM/USDT:USDT,SNX/USDT:USDT,BNB/USDT:USDT,SAND/USDT:USDT,YFI/USDT:USDT,APE/USDT:USDT"
2023-05-01,"ETH/USDT:USDT,BTC/USDT:USDT,ARB/USDT:USDT,DOGE/USDT:USDT,CFX/USDT:USDT,LTC/USDT:USDT,BLUR/USDT:USDT,APT/USDT:USDT,SOL/USDT:USDT,XRP/USDT:USDT,OP/USDT:USDT,MASK/USDT:USDT,FIL/USDT:USDT,ETC/USDT:USDT,SHIB/USDT:USDT,DYDX/USDT:USDT,LINK/USDT:USDT,ADA/USDT:USDT,DOT/USDT:USDT,GALA/USDT:USDT,STX/USDT:USDT,BNB/USDT:USDT,LDO/USDT:USDT,CORE/USDT:USDT,PEOPLE/USDT:USDT,AVAX/USDT:USDT,ONT/USDT:USDT,ATOM/USDT:USDT,WOO/USDT:USDT,APE/USDT:USDT"
2023-06-01,"ETH/USDT:USDT,BTC/USDT:USDT,PEPE/USDT:USDT,LTC/USDT:USDT,CFX/USDT:USDT,ARB/USDT:USDT,XRP/USDT:USDT,DOGE/USDT:USDT,OP/USDT:USDT,SUI/USDT:USDT,SOL/USDT:USDT,MASK/USDT:USDT,BLUR/USDT:USDT,APT/USDT:USDT,FIL/USDT:USDT,LDO/USDT:USDT,GALA/USDT:USDT,SHIB/USDT:USDT,ETC/USDT:USDT,STX/USDT:USDT,DYDX/USDT:USDT,ADA/USDT:USDT,DOT/USDT:USDT,CORE/USDT:USDT,LINK/USDT:USDT,SAND/USDT:USDT,BCH/USDT:USDT,ATOM/USDT:USDT,BNB/USDT:USDT,TRX/USDT:USDT"
2023-07-01,"BTC/USDT:USDT,ETH/USDT:USDT,PEPE/USDT:USDT,BCH/USDT:USDT,LTC/USDT:USDT,XRP/USDT:USDT,CFX/USDT:USDT,SOL/USDT:USDT,DOGE/USDT:USDT,SUI/USDT:USDT,ARB/USDT:USDT,OP/USDT:USDT,BNB/USDT:USDT,FIL/USDT:USDT,ORDI/USDT:USDT,APT/USDT:USDT,ETC/USDT:USDT,BLUR/USDT:USDT,MASK/USDT:USDT,ADA/USDT:USDT,STX/USDT:USDT,CORE/USDT:USDT,LDO/USDT:USDT,APE/USDT:USDT,COMP/USDT:USDT,DYDX/USDT:USDT,DOT/USDT:USDT,LINK/USDT:USDT,SHIB/USDT:USDT,CRV/USDT:USDT"
2023-08-01,"BTC/USDT:USDT,ETH/USDT:USDT,XRP/USDT:USDT,BCH/USDT:USDT,LTC/USDT:USDT,DOGE/USDT:USDT,SOL/USDT:USDT,PEPE/USDT:USDT,COMP/USDT:USDT,OP/USDT:USDT,FIL/USDT:USDT,ARB/USDT:USDT,CFX/USDT:USDT,LINK/USDT:USDT,SUI/USDT:USDT,XLM/USDT:USDT,ETC/USDT:USDT,AGLD/USDT:USDT,APT/USDT:USDT,CRV/USDT:USDT,ORDI/USDT:USDT,BNB/USDT:USDT,ADA/USDT:USDT,MASK/USDT:USDT,APE/USDT:USDT,UNI/USDT:USDT,AAVE/USDT:USDT,SNX/USDT:USDT,1INCH/USDT:USDT,DYDX/USDT:USDT"
2023-09-01,"BTC/USDT:USDT,ETH/USDT:USDT,LPT/USDT:USDT,YGG/USDT:USDT,BCH/USDT:USDT,XRP/USDT:USDT,LTC/USDT:USDT,PEPE/USDT:USDT,SOL/USDT:USDT,DOGE/USDT:USDT,OP/USDT:USDT,WLD/USDT:USDT,SHIB/USDT:USDT,SUI/USDT:USDT,CRV/USDT:USDT,CFX/USDT:USDT,ARB/USDT:USDT,LINK/USDT:USDT,FIL/USDT:USDT,APT/USDT:USDT,API3/USDT:USDT,COMP/USDT:USDT,ETC/USDT:USDT,TRB/USDT:USDT,BNB/USDT:USDT,APE/USDT:USDT,DYDX/USDT:USDT,ADA/USDT:USDT,DOT/USDT:USDT,UNI/USDT:USDT"
2023-10-01,"BTC/USDT:USDT,ETH/USDT:USDT,TRB/USDT:USDT,WLD/USDT:USDT,BCH/USDT:USDT,SOL/USDT:USDT,XRP/USDT:USDT,LTC/USDT:USDT,DOGE/USDT:USDT,PEPE/USDT:USDT,LPT/USDT:USDT,OP/USDT:USDT,LINK/USDT:USDT,ARB/USDT:USDT,CFX/USDT:USDT,AGLD/USDT:USDT,YGG/USDT:USDT,CRV/USDT:USDT,SUI/USDT:USDT,FIL/USDT:USDT,APT/USDT:USDT,ETC/USDT:USDT,ORDI/USDT:USDT,APE/USDT:USDT,GALA/USDT:USDT,DOT/USDT:USDT,BNB/USDT:USDT,LUNA/USDT:USDT,COMP/USDT:USDT,DYDX/USDT:USDT"
2023-11-01,"BTC/USDT:USDT,ETH/USDT:USDT,TRB/USDT:USDT,SOL/USDT:USDT,LINK/USDT:USDT,BCH/USDT:USDT,XRP/USDT:USDT,DOGE/USDT:USDT,WLD/USDT:USDT,PEPE/USDT:USDT,LTC/USDT:USDT,CFX/USDT:USDT,OP/USDT:USDT,BIGTIME/USDT:USDT,ARB/USDT:USDT,BLUR/USDT:USDT,APT/USDT:USDT,YGG/USDT:USDT,GALA/USDT:USDT,FIL/USDT:USDT,AVAX/USDT:USDT,SUI/USDT:USDT,DOT/USDT:USDT,ETC/USDT:USDT,DYDX/USDT:USDT,BNB/USDT:USDT,MINA/USDT:USDT,AGLD/USDT:USDT,ORDI/USDT:USDT,APE/USDT:USDT"
2023-12-01,"BTC/USDT:USDT,ETH/USDT:USDT,SOL/USDT:USDT,ORDI/USDT:USDT,GAS/USDT:USDT,TRB/USDT:USDT,DOGE/USDT:USDT,BLUR/USDT:USDT,LINK/USDT:USDT,TIA/USDT:USDT,XRP/USDT:USDT,MEME/USDT:USDT,WLD/USDT:USDT,AVAX/USDT:USDT,LTC/USDT:USDT,DYDX/USDT:USDT,FIL/USDT:USDT,ARB/USDT:USDT,BCH/USDT:USDT,GALA/USDT:USDT,OP/USDT:USDT,UNI/USDT:USDT,SUSHI/USDT:USDT,SUI/USDT:USDT,PEPE/USDT:USDT,ZRX/USDT:USDT,YGG/USDT:USDT,LUNA/USDT:USDT,CFX/USDT:USDT,ETC/USDT:USDT"
2024-01-01,"BTC/USDT:USDT,ETH/USDT:USDT,ORDI/USDT:USDT,SOL/USDT:USDT,TRB/USDT:USDT,TIA/USDT:USDT,AVAX/USDT:USDT,OP/USDT:USDT,DOGE/USDT:USDT,BIGTIME/USDT:USDT,FIL/USDT:USDT,WLD/USDT:USDT,ADA/USDT:USDT,MEME/USDT:USDT,XRP/USDT:USDT,ARB/USDT:USDT,LINK/USDT:USDT,LTC/USDT:USDT,DOT/USDT:USDT,BCH/USDT:USDT,BLUR/USDT:USDT,ICP/USDT:USDT,STX/USDT:USDT,INJ/USDT:USDT,NEAR/USDT:USDT,AUCTION/USDT:USDT,DYDX/USDT:USDT,BNB/USDT:USDT,SUI/USDT:USDT,PEPE/USDT:USDT"
2024-02-01,"BTC/USDT:USDT,ETH/USDT:USDT,SOL/USDT:USDT,ORDI/USDT:USDT,PEOPLE/USDT:USDT,SUI/USDT:USDT,TRB/USDT:USDT,TIA/USDT:USDT,ARB/USDT:USDT,UMA/USDT:USDT,OP/USDT:USDT,ETC/USDT:USDT,DOGE/USDT:USDT,ENS/USDT:USDT,FIL/USDT:USDT,BLUR/USDT:USDT,XRP/USDT:USDT,AVAX/USDT:USDT,SATS/USDT:USDT,API3/USDT:USDT,LINK/USDT:USDT,LTC/USDT:USDT,CFX/USDT:USDT,ICP/USDT:USDT,ADA/USDT:USDT,BCH/USDT:USDT,MASK/USDT:USDT,BNB/USDT:USDT,JTO/USDT:USDT,LDO/USDT:USDT"
2024-03-01,"BTC/USDT:USDT,ETH/USDT:USDT,SOL/USDT:USDT,WLD/USDT:USDT,ORDI/USDT:USDT,DOGE/USDT:USDT,FIL/USDT:USDT,SUI/USDT:USDT,PEPE/USDT:USDT,LINK/USDT:USDT,OP/USDT:USDT,API3/USDT:USDT,TIA/USDT:USDT,LPT/USDT:USDT,XRP/USDT:USDT,UNI/USDT:USDT,ZETA/USDT:USDT,ARB/USDT:USDT,SATS/USDT:USDT,LTC/USDT:USDT,STX/USDT:USDT,ADA/USDT:USDT,AVAX/USDT:USDT,BCH/USDT:USDT,ETC/USDT:USDT,PEOPLE/USDT:USDT,ENS/USDT:USDT,BLUR/USDT:USDT,TRB/USDT:USDT,PYTH/USDT:USDT"
2024-04-01,"BTC/USDT:USDT,ETH/USDT:USDT,SOL/USDT:USDT,DOGE/USDT:USDT,PEPE/USDT:USDT,SHIB/USDT:USDT,WLD/USDT:USDT,ORDI/USDT:USDT,FIL/USDT:USDT,XRP/USDT:USDT,BCH/USDT:USDT,FLOKI/USDT:USDT,LTC/USDT:USDT,AVAX/USDT:USDT,SUI/USDT:USDT,OP/USDT:USDT,NEAR/USDT:USDT,BNB/USDT:USDT,ARB/USDT:USDT,CFX/USDT:USDT,APT/USDT:USDT,ETC/USDT:USDT,CORE/USDT:USDT,STRK/USDT:USDT,GALA/USDT:USDT,YGG/USDT:USDT,AEVO/USDT:USDT,ZRX/USDT:USDT,ADA/USDT:USDT,BONK/USDT:USDT"
2024-05-01,"BTC/USDT:USDT,ETH/USDT:USDT,SOL/USDT:USDT,DOGE/USDT:USDT,PEPE/USDT:USDT,ORDI/USDT:USDT,CORE/USDT:USDT,BCH/USDT:USDT,WLD/USDT:USDT,ETHFI/USDT:USDT,XRP/USDT:USDT,LTC/USDT:USDT,W/USDT:USDT,SHIB/USDT:USDT,FIL/USDT:USDT,NEAR/USDT:USDT,BNB/USDT:USDT,JTO/USDT:USDT,YGG/USDT:USDT,OP/USDT:USDT,SUI/USDT:USDT,NEO/USDT:USDT,TIA/USDT:USDT,ETC/USDT:USDT,AEVO/USDT:USDT,SATS/USDT:USDT,BONK/USDT:USDT,AVAX/USDT:USDT,ARB/USDT:USDT,CFX/USDT:USDT"
2024-06-01,"BTC/USDT:USDT,ETH/USDT:USDT,SOL/USDT:USDT,PEPE/USDT:USDT,DOGE/USDT:USDT,PEOPLE/USDT:USDT,TRB/USDT:USDT,ORDI/USDT:USDT,TURBO/USDT:USDT,WLD/USDT:USDT,WIF/USDT:USDT,ETHFI/USDT:USDT,SHIB/USDT:USDT,BONK/USDT:USDT,FLOKI/USDT:USDT,XRP/USDT:USDT,NEAR/USDT:USDT,AR/USDT:USDT,ETC/USDT:USDT,OP/USDT:USDT,BCH/USDT:USDT,LINK/USDT:USDT,JTO/USDT:USDT,CORE/USDT:USDT,SUI/USDT:USDT,BNB/USDT:USDT,FIL/USDT:USDT,ENS/USDT:USDT,LTC/USDT:USDT,ARB/USDT:USDT"
2024-07-01,"BTC/USDT:USDT,ETH/USDT:USDT,NOT/USDT:USDT,SOL/USDT:USDT,PEPE/USDT:USDT,PEOPLE/USDT:USDT,ORDI/USDT:USDT,DOGE/USDT:USDT,TURBO/USDT:USDT,WLD/USDT:USDT,CRV/USDT:USDT,BNB/USDT:USDT,WIF/USDT:USDT,TRB/USDT:USDT,XRP/USDT:USDT,ENS/USDT:USDT,FIL/USDT:USDT,SATS/USDT:USDT,FLOKI/USDT:USDT,UNI/USDT:USDT,MEW/USDT:USDT,SHIB/USDT:USDT,BCH/USDT:USDT,ETHFI/USDT:USDT,BONK/USDT:USDT,LTC/USDT:USDT,LDO/USDT:USDT,W/USDT:USDT,INJ/USDT:USDT,AVAX/USDT:USDT"
2024-08-01,"BTC/USDT:USDT,ETH/USDT:USDT,SOL/USDT:USDT,PEPE/USDT:USDT,NOT/USDT:USDT,DOGE/USDT:USDT,WLD/USDT:USDT,PEOPLE/USDT:USDT,ORDI/USDT:USDT,XRP/USDT:USDT,SATS/USDT:USDT,ZRO/USDT:USDT,TURBO/USDT:USDT,MEW/USDT:USDT,WIF/USDT:USDT,CRV/USDT:USDT,ENS/USDT:USDT,BCH/USDT:USDT,ETHFI/USDT:USDT,SHIB/USDT:USDT,BONK/USDT:USDT,TIA/USDT:USDT,FIL/USDT:USDT,AVAX/USDT:USDT,LTC/USDT:USDT,BNB/USDT:USDT,TRB/USDT:USDT,ADA/USDT:USDT,ZK/USDT:USDT,OP/USDT:USDT"
2024-09-01,"BTC/USDT:USDT,ETH/USDT:USDT,SOL/USDT:USDT,PEPE/USDT:USDT,DOGE/USDT:USDT,SATS/USDT:USDT,ORDI/USDT:USDT,XRP/USDT:USDT,NOT/USDT:USDT,CRV/USDT:USDT,SUI/USDT:USDT,PEOPLE/USDT:USDT,WIF/USDT:USDT,WLD/USDT:USDT,MEW/USDT:USDT,AAVE/USDT:USDT,TURBO/USDT:USDT,TRB/USDT:USDT,BCH/USDT:USDT,BNB/USDT:USDT,TIA/USDT:USDT,LTC/USDT:USDT,ZRO/USDT:USDT,FIL/USDT:USDT,AVAX/USDT:USDT,APT/USDT:USDT,SHIB/USDT:USDT,NEAR/USDT:USDT,OP/USDT:USDT,ADA/USDT:USDT"
2024-10-01,"BTC/USDT:USDT,ETH/USDT:USDT,SOL/USDT:USDT,PEPE/USDT:USDT,SUI/USDT:USDT,DOGE/USDT:USDT,ORDI/USDT:USDT,PEOPLE/USDT:USDT,SATS/USDT:USDT,WLD/USDT:USDT,XRP/USDT:USDT,WIF/USDT:USDT,AAVE/USDT:USDT,TURBO/USDT:USDT,SHIB/USDT:USDT,NOT/USDT:USDT,TIA/USDT:USDT,BIGTIME/USDT:USDT,CRV/USDT:USDT,BNB/USDT:USDT,MEW/USDT:USDT,ZRO/USDT:USDT,APT/USDT:USDT,NEAR/USDT:USDT,BCH/USDT:USDT,FIL/USDT:USDT,LTC/USDT:USDT,AVAX/USDT:USDT,TRB/USDT:USDT,OP/USDT:USDT"
2024-11-01,"BTC/USDT:USDT,ETH/USDT:USDT,SOL/USDT:USDT,DOGE/USDT:USDT,PEPE/USDT:USDT,SUI/USDT:USDT,TURBO/USDT:USDT,WLD/USDT:USDT,PEOPLE/USDT:USDT,APE/USDT:USDT,NEIRO/USDT:USDT,ORDI/USDT:USDT,MEW/USDT:USDT,WIF/USDT:USDT,APT/USDT:USDT,MOODENG/USDT:USDT,SHIB/USDT:USDT,TIA/USDT:USDT,XRP/USDT:USDT,POPCAT/USDT:USDT,BOME/USDT:USDT,SATS/USDT:USDT,EIGEN/USDT:USDT,BCH/USDT:USDT,UNI/USDT:USDT,BIGTIME/USDT:USDT,AAVE/USDT:USDT,LTC/USDT:USDT,NOT/USDT:USDT,MEME/USDT:USDT"
2024-12-01,"BTC/USDT:USDT,ETH/USDT:USDT,DOGE/USDT:USDT,SOL/USDT:USDT,XRP/USDT:USDT,PEPE/USDT:USDT,PNUT/USDT:USDT,SUI/USDT:USDT,SHIB/USDT:USDT,XLM/USDT:USDT,ADA/USDT:USDT,WLD/USDT:USDT,ORDI/USDT:USDT,WIF/USDT:USDT,BONK/USDT:USDT,MOODENG/USDT:USDT,NEIRO/USDT:USDT,PEOPLE/USDT:USDT,LTC/USDT:USDT,GRASS/USDT:USDT,FIL/USDT:USDT,BCH/USDT:USDT,BNB/USDT:USDT,DOT/USDT:USDT,SAND/USDT:USDT,OP/USDT:USDT,APT/USDT:USDT,HBAR/USDT:USDT,ENS/USDT:USDT,ETC/USDT:USDT"
2025-01-01,"BTC/USDT:USDT,ETH/USDT:USDT,DOGE/USDT:USDT,XRP/USDT:USDT,SOL/USDT:USDT,PEPE/USDT:USDT,SUI/USDT:USDT,MOVE/USDT:USDT,PNUT/USDT:USDT,ADA/USDT:USDT,AAVE/USDT:USDT,LINK/USDT:USDT,HBAR/USDT:USDT,SHIB/USDT:USDT,WLD/USDT:USDT,LTC/USDT:USDT,CRV/USDT:USDT,ORDI/USDT:USDT,ME/USDT:USDT,FIL/USDT:USDT,TRX/USDT:USDT,MORPHO/USDT:USDT,BNB/USDT:USDT,WIF/USDT:USDT,AGLD/USDT:USDT,UNI/USDT:USDT,ACT/USDT:USDT,TURBO/USDT:USDT,AVAX/USDT:USDT,XLM/USDT:USDT"
2025-02-01,"BTC/USDT:USDT,ETH/USDT:USDT,SOL/USDT:USDT,DOGE/USDT:USDT,XRP/USDT:USDT,PEPE/USDT:USDT,SUI/USDT:USDT,FARTCOIN/USDT:USDT,AIXBT/USDT:USDT,ADA/USDT:USDT,PNUT/USDT:USDT,LTC/USDT:USDT,WLD/USDT:USDT,WIF/USDT:USDT,AAVE/USDT:USDT,ACT/USDT:USDT,MOVE/USDT:USDT,LINK/USDT:USDT,PENGU/USDT:USDT,XLM/USDT:USDT,HBAR/USDT:USDT,ORDI/USDT:USDT,SHIB/USDT:USDT,FIL/USDT:USDT,ONDO/USDT:USDT,BIO/USDT:USDT,MORPHO/USDT:USDT,AGLD/USDT:USDT,CRV/USDT:USDT,VIRTUAL/USDT:USDT"
2025-03-01,"BTC/USDT:USDT,ETH/USDT:USDT,SOL/USDT:USDT,DOGE/USDT:USDT,XRP/USDT:USDT,TRUMP/USDT:USDT,PEPE/USDT:USDT,LTC/USDT:USDT,SUI/USDT:USDT,BERA/USDT:USDT,FARTCOIN/USDT:USDT,ADA/USDT:USDT,WIF/USDT:USDT,PNUT/USDT:USDT,BNB/USDT:USDT,WLD/USDT:USDT,AIXBT/USDT:USDT,AAVE/USDT:USDT,ACH/USDT:USDT,ORDI/USDT:USDT,LINK/USDT:USDT,ONDO/USDT:USDT,ACT/USDT:USDT,FIL/USDT:USDT,LDO/USDT:USDT,DOT/USDT:USDT,ME/USDT:USDT,SHIB/USDT:USDT,PEOPLE/USDT:USDT,PENGU/USDT:USDT"
2025-04-01,"BTC/USDT:USDT,ETH/USDT:USDT,SOL/USDT:USDT,XRP/USDT:USDT,DOGE/USDT:USDT,PEPE/USDT:USDT,ADA/USDT:USDT,AUCTION/USDT:USDT,TRUMP/USDT:USDT,PI/USDT:USDT,SUI/USDT:USDT,PNUT/USDT:USDT,LTC/USDT:USDT,KAITO/USDT:USDT,FARTCOIN/USDT:USDT,BNB/USDT:USDT,LINK/USDT:USDT,AAVE/USDT:USDT,API3/USDT:USDT,ORDI/USDT:USDT,BCH/USDT:USDT,WLD/USDT:USDT,LAYER/USDT:USDT,WIF/USDT:USDT,MOVE/USDT:USDT,AVAX/USDT:USDT,ZRO/USDT:USDT,CRV/USDT:USDT,FIL/USDT:USDT,SHIB/USDT:USDT"
2025-05-01,"BTC/USDT:USDT,ETH/USDT:USDT,SOL/USDT:USDT,DOGE/USDT:USDT,XRP/USDT:USDT,TRUMP/USDT:USDT,PEPE/USDT:USDT,SUI/USDT:USDT,FARTCOIN/USDT:USDT,BABY/USDT:USDT,ADA/USDT:USDT,PI/USDT:USDT,LTC/USDT:USDT,LAYER/USDT:USDT,MAGIC/USDT:USDT,CRV/USDT:USDT,WLD/USDT:USDT,BNB/USDT:USDT,PNUT/USDT:USDT,AAVE/USDT:USDT,LINK/USDT:USDT,FIL/USDT:USDT,BCH/USDT:USDT,AUCTION/USDT:USDT,AVAX/USDT:USDT,WIF/USDT:USDT,PARTI/USDT:USDT,TURBO/USDT:USDT,ONDO/USDT:USDT,ACT/USDT:USDT"
2025-06-01,"ETH/USDT:USDT,BTC/USDT:USDT,SOL/USDT:USDT,DOGE/USDT:USDT,PEPE/USDT:USDT,MOODENG/USDT:USDT,XRP/USDT:USDT,SUI/USDT:USDT,TRUMP/USDT:USDT,KAITO/USDT:USDT,PI/USDT:USDT,WCT/USDT:USDT,PNUT/USDT:USDT,WIF/USDT:USDT,AAVE/USDT:USDT,WLD/USDT:USDT,ADA/USDT:USDT,LTC/USDT:USDT,LAYER/USDT:USDT,FARTCOIN/USDT:USDT,PEOPLE/USDT:USDT,ETHFI/USDT:USDT,TRB/USDT:USDT,UNI/USDT:USDT,HYPE/USDT:USDT,NEIRO/USDT:USDT,LPT/USDT:USDT,BNB/USDT:USDT,LINK/USDT:USDT,ORDI/USDT:USDT"
2025-07-01,"ETH/USDT:USDT,BTC/USDT:USDT,SOL/USDT:USDT,DOGE/USDT:USDT,PEPE/USDT:USDT,XRP/USDT:USDT,RESOLV/USDT:USDT,SUI/USDT:USDT,AAVE/USDT:USDT,HYPE/USDT:USDT,UNI/USDT:USDT,FARTCOIN/USDT:USDT,ANIME/USDT:USDT,TRUMP/USDT:USDT,WIF/USDT:USDT,BCH/USDT:USDT,MOODENG/USDT:USDT,ADA/USDT:USDT,WLD/USDT:USDT,SOPH/USDT:USDT,MASK/USDT:USDT,PI/USDT:USDT,RVN/USDT:USDT,TRB/USDT:USDT,LINK/USDT:USDT,OP/USDT:USDT,PENGU/USDT:USDT,LTC/USDT:USDT,PNUT/USDT:USDT,CRV/USDT:USDT"
2025-08-01,"ETH/USDT:USDT,BTC/USDT:USDT,SOL/USDT:USDT,DOGE/USDT:USDT,XRP/USDT:USDT,PEPE/USDT:USDT,PENGU/USDT:USDT,SUI/USDT:USDT,ADA/USDT:USDT,SPK/USDT:USDT,BONK/USDT:USDT,UNI/USDT:USDT,LTC/USDT:USDT,CFX/USDT:USDT,AAVE/USDT:USDT,TRUMP/USDT:USDT,CRV/USDT:USDT,WLD/USDT:USDT,WIF/USDT:USDT,XLM/USDT:USDT,MOODENG/USDT:USDT,FARTCOIN/USDT:USDT,BCH/USDT:USDT,LINK/USDT:USDT,PNUT/USDT:USDT,H/USDT:USDT,BNB/USDT:USDT,HBAR/USDT:USDT,SAHARA/USDT:USDT,HYPE/USDT:USDT"
2025-09-01,"ETH/USDT:USDT,BTC/USDT:USDT,SOL/USDT:USDT,DOGE/USDT:USDT,XRP/USDT:USDT,PEPE/USDT:USDT,ADA/USDT:USDT,LINK/USDT:USDT,SUI/USDT:USDT,BIO/USDT:USDT,LTC/USDT:USDT,MAGIC/USDT:USDT,PENGU/USDT:USDT,PUMP/USDT:USDT,AAVE/USDT:USDT,TRUMP/USDT:USDT,BNB/USDT:USDT,UNI/USDT:USDT,SPK/USDT:USDT,CRO/USDT:USDT,ARB/USDT:USDT,CRV/USDT:USDT,HYPE/USDT:USDT,FARTCOIN/USDT:USDT,AVAX/USDT:USDT,SOON/USDT:USDT,WLD/USDT:USDT,CFX/USDT:USDT,LDO/USDT:USDT,WIF/USDT:USDT"
2025-10-01,"ETH/USDT:USDT,BTC/USDT:USDT,SOL/USDT:USDT,DOGE/USDT:USDT,WLFI/USDT:USDT,PUMP/USDT:USDT,XRP/USDT:USDT,XPL/USDT:USDT,WLD/USDT:USDT,PEPE/USDT:USDT,BNB/USDT:USDT,AVAX/USDT:USDT,SUI/USDT:USDT,LINEA/USDT:USDT,ADA/USDT:USDT,LINK/USDT:USDT,HYPE/USDT:USDT,MERL/USDT:USDT,PENGU/USDT:USDT,OKB/USDT:USDT,LTC/USDT:USDT,AAVE/USDT:USDT,NMR/USDT:USDT,H/USDT:USDT,KAITO/USDT:USDT,BIO/USDT:USDT,MOODENG/USDT:USDT,BCH/USDT:USDT,TRUMP/USDT:USDT,JELLYJELLY/USDT:USDT"
2025-11-01,"ETH/USDT:USDT,BTC/USDT:USDT,SOL/USDT:USDT,DOGE/USDT:USDT,BNB/USDT:USDT,XRP/USDT:USDT,XPL/USDT:USDT,PUMP/USDT:USDT,PEPE/USDT:USDT,ASTER/USDT:USDT,SUI/USDT:USDT,LTC/USDT:USDT,H/USDT:USDT,HYPE/USDT:USDT,LINK/USDT:USDT,ADA/USDT:USDT,TRUMP/USDT:USDT,WLFI/USDT:USDT,WLD/USDT:USDT,SNX/USDT:USDT,YB/USDT:USDT,OKB/USDT:USDT,AVAX/USDT:USDT,PENGU/USDT:USDT,AAVE/USDT:USDT,ZORA/USDT:USDT,CRV/USDT:USDT,FIL/USDT:USDT,AVNT/USDT:USDT,JELLYJELLY/USDT:USDT"
2025-12-01,"ETH/USDT:USDT,BTC/USDT:USDT,SOL/USDT:USDT,DOGE/USDT:USDT,ZEC/USDT:USDT,XRP/USDT:USDT,FIL/USDT:USDT,ASTER/USDT:USDT,BNB/USDT:USDT,MMT/USDT:USDT,PEPE/USDT:USDT,HYPE/USDT:USDT,PUMP/USDT:USDT,GIGGLE/USDT:USDT,RESOLV/USDT:USDT,JELLYJELLY/USDT:USDT,LTC/USDT:USDT,ICP/USDT:USDT,SUI/USDT:USDT,UNI/USDT:USDT,STRK/USDT:USDT,ADA/USDT:USDT,XPL/USDT:USDT,LINK/USDT:USDT,WLFI/USDT:USDT,TRUMP/USDT:USDT,BEAT/USDT:USDT,SOON/USDT:USDT,BCH/USDT:USDT,MERL/USDT:USDT"
2026-01-01,"ETH/USDT:USDT,BTC/USDT:USDT,SOL/USDT:USDT,BEAT/USDT:USDT,DOGE/USDT:USDT,ZEC/USDT:USDT,XRP/USDT:USDT,NIGHT/USDT:USDT,PIPPIN/USDT:USDT,PEPE/USDT:USDT,LUNA/USDT:USDT,HYPE/USDT:USDT,SUI/USDT:USDT,BCH/USDT:USDT,WET/USDT:USDT,ADA/USDT:USDT,BNB/USDT:USDT,PIEVERSE/USDT:USDT,JELLYJELLY/USDT:USDT,XPL/USDT:USDT,LINK/USDT:USDT,PUMP/USDT:USDT,ASTER/USDT:USDT,H/USDT:USDT,LTC/USDT:USDT,FIL/USDT:USDT,TRUTH/USDT:USDT,AAVE/USDT:USDT,UNI/USDT:USDT,ZBT/USDT:USDT"
2026-02-01,"ETH/USDT:USDT,BTC/USDT:USDT,SOL/USDT:USDT,DOGE/USDT:USDT,XRP/USDT:USDT,PEPE/USDT:USDT,ZEC/USDT:USDT,AXS/USDT:USDT,HYPE/USDT:USDT,PUMP/USDT:USDT,SUI/USDT:USDT,DASH/USDT:USDT,BCH/USDT:USDT,PIPPIN/USDT:USDT,BNB/USDT:USDT,ADA/USDT:USDT,LTC/USDT:USDT,ENSO/USDT:USDT,BREV/USDT:USDT,FIL/USDT:USDT,LINK/USDT:USDT,SENT/USDT:USDT,BEAT/USDT:USDT,WLD/USDT:USDT,FOGO/USDT:USDT,XPL/USDT:USDT,LIT/USDT:USDT,WLFI/USDT:USDT,ASTER/USDT:USDT,AVAX/USDT:USDT"
2026-03-01,"ETH/USDT:USDT,BTC/USDT:USDT,SOL/USDT:USDT,DOGE/USDT:USDT,XRP/USDT:USDT,PIPPIN/USDT:USDT,HYPE/USDT:USDT,PEPE/USDT:USDT,ZEC/USDT:USDT,BNB/USDT:USDT,SPACE/USDT:USDT,ESP/USDT:USDT,BCH/USDT:USDT,ADA/USDT:USDT,ENSO/USDT:USDT,SUI/USDT:USDT,PUMP/USDT:USDT,WLFI/USDT:USDT,LTC/USDT:USDT,FIL/USDT:USDT,LINK/USDT:USDT,BERA/USDT:USDT,SENT/USDT:USDT,AXS/USDT:USDT,ASTER/USDT:USDT,UNI/USDT:USDT,DOT/USDT:USDT,AVAX/USDT:USDT,AAVE/USDT:USDT,WLD/USDT:USDT"
2026-04-01,"ETH/USDT:USDT,BTC/USDT:USDT,SOL/USDT:USDT,DOGE/USDT:USDT,XRP/USDT:USDT,PEPE/USDT:USDT,HYPE/USDT:USDT,TRUMP/USDT:USDT,PIPPIN/USDT:USDT,TAO/USDT:USDT,ZEC/USDT:USDT,BEAT/USDT:USDT,ADA/USDT:USDT,ONT/USDT:USDT,BNB/USDT:USDT,SUI/USDT:USDT,RESOLV/USDT:USDT,BARD/USDT:USDT,FIL/USDT:USDT,BCH/USDT:USDT,SAHARA/USDT:USDT,PUMP/USDT:USDT,OKB/USDT:USDT,LINK/USDT:USDT,TRIA/USDT:USDT,ROBO/USDT:USDT,WLD/USDT:USDT,AVAX/USDT:USDT,XPL/USDT:USDT,DOT/USDT:USDT"
2026-05-01,"ETH/USDT:USDT,BTC/USDT:USDT,RAVE/USDT:USDT,SOL/USDT:USDT,DOGE/USDT:USDT,XRP/USDT:USDT,ZEC/USDT:USDT,PEPE/USDT:USDT,BASED/USDT:USDT,BSB/USDT:USDT,ORDI/USDT:USDT,HYPE/USDT:USDT,TRUMP/USDT:USDT,KAT/USDT:USDT,PIPPIN/USDT:USDT,ADA/USDT:USDT,PIEVERSE/USDT:USDT,TAO/USDT:USDT,BNB/USDT:USDT,ENJ/USDT:USDT,EDGE/USDT:USDT,SUI/USDT:USDT,BEAT/USDT:USDT,BIO/USDT:USDT,LAB/USDT:USDT,XPL/USDT:USDT,AAVE/USDT:USDT,PENGU/USDT:USDT,FIL/USDT:USDT,ONT/USDT:USDT"
2026-06-01,"ETH/USDT:USDT,BTC/USDT:USDT,SOL/USDT:USDT,LAB/USDT:USDT,ZEC/USDT:USDT,HYPE/USDT:USDT,DOGE/USDT:USDT,BSB/USDT:USDT,XRP/USDT:USDT,BILL/USDT:USDT,SUI/USDT:USDT,PEPE/USDT:USDT,WLD/USDT:USDT,UB/USDT:USDT,NEAR/USDT:USDT,BNB/USDT:USDT,XLM/USDT:USDT,FIL/USDT:USDT,BEAT/USDT:USDT,MU/USDT:USDT,ONDO/USDT:USDT,H/USDT:USDT,ALLO/USDT:USDT,RAVE/USDT:USDT,ADA/USDT:USDT,AI/USDT:USDT,TRUMP/USDT:USDT,EDEN/USDT:USDT,BCH/USDT:USDT,LINK/USDT:USDT"
2026-07-01,"ETH/USDT:USDT,BTC/USDT:USDT,SOL/USDT:USDT,ZEC/USDT:USDT,HYPE/USDT:USDT,SPCX/USDT:USDT,WLD/USDT:USDT,DOGE/USDT:USDT,BEAT/USDT:USDT,LAB/USDT:USDT,MU/USDT:USDT,XRP/USDT:USDT,H/USDT:USDT,PEPE/USDT:USDT,ALLO/USDT:USDT,NEAR/USDT:USDT,BSB/USDT:USDT,SLX/USDT:USDT,TRUMP/USDT:USDT,BNB/USDT:USDT,SUI/USDT:USDT,MRVL/USDT:USDT,XPL/USDT:USDT,ADA/USDT:USDT,FIL/USDT:USDT,XLM/USDT:USDT,UB/USDT:USDT,BCH/USDT:USDT,BASED/USDT:USDT,OPN/USDT:USDT"
2026-08-01,"ETH/USDT:USDT,BTC/USDT:USDT,SOL/USDT:USDT,MU/USDT:USDT,LAB/USDT:USDT,ZEC/USDT:USDT,SPCX/USDT:USDT,DOGE/USDT:USDT,HYPE/USDT:USDT,SKHY/USDT:USDT,XRP/USDT:USDT,BEAT/USDT:USDT,WLD/USDT:USDT,PEPE/USDT:USDT,KAITO/USDT:USDT,PUMP/USDT:USDT,KORU/USDT:USDT,ALLO/USDT:USDT,RE/USDT:USDT,ADA/USDT:USDT,ONDO/USDT:USDT,SUI/USDT:USDT,BASED/USDT:USDT,SHIB/USDT:USDT,INTC/USDT:USDT,BNB/USDT:USDT,UNI/USDT:USDT,LIT/USDT:USDT,AAVE/USDT:USDT,EDGE/USDT:USDT"
2026-09-01,"ETH/USDT:USDT,BTC/USDT:USDT,SOL/USDT:USDT,XRP/USDT:USDT,ZEC/USDT:USDT,SPCX/USDT:USDT,HYPE/USDT:USDT,DOGE/USDT:USDT,TRUMP/USDT:USDT,MU/USDT:USDT,PUMP/USDT:USDT,BEAT/USDT:USDT,PEPE/USDT:USDT,BICO/USDT:USDT,SKHY/USDT:USDT,SNXX/USDT:USDT,ENA/USDT:USDT,WLD/USDT:USDT,APR/USDT:USDT,CAP/USDT:USDT,SUI/USDT:USDT,KORU/USDT:USDT,UNI/USDT:USDT,ADA/USDT:USDT,BNB/USDT:USDT,LINK/USDT:USDT,AAVE/USDT:USDT,UB/USDT:USDT,GRVT/USDT:USDT,LIT/USDT:USDT"
